{"stats":{"minecraft:used":{"alexsmobs:spawn_egg_hummingbird":1,"alexsmobs:spawn_egg_fly":1,"alexsmobs:spawn_egg_roadrunner":1,"alexsmobs:spawn_egg_bone_serpent":1,"alexsmobs:spawn_egg_crocodile":1,"alexsmobs:spawn_egg_grizzly_bear":1},"minecraft:picked_up":{"minecraft:spruce_log":2},"minecraft:custom":{"minecraft:jump":10,"minecraft:time_since_rest":4937,"minecraft:crouch_one_cm":426,"minecraft:play_one_minute":4937,"minecraft:leave_game":2,"minecraft:sprint_one_cm":3758,"minecraft:time_since_death":4937,"minecraft:walk_one_cm":942,"minecraft:sneak_time":152,"minecraft:fall_one_cm":209,"minecraft:fly_one_cm":12334},"minecraft:mined":{"minecraft:spruce_log":2}},"DataVersion":2586}