{"stats":{"minecraft:picked_up":{"minecraft:coarse_dirt":5,"minecraft:clay_ball":8,"minecraft:crimson_stem":3,"minecraft:oak_log":1,"minecraft:dirt":12,"minecraft:warped_stem":1,"minecraft:rooted_dirt":6,"minecraft:moss_block":2},"minecraft:used":{"minecraft:moss_block":1,"minecraft:wooden_axe":1,"minecraft:rooted_dirt":6,"minecraft:crimson_slab":6,"minecraft:wooden_shovel":10,"minecraft:clay":2,"minecraft:dirt":11,"minecraft:crafting_table":1,"minecraft:coarse_dirt":5},"minecraft:mined":{"minecraft:podzol":2,"minecraft:coarse_dirt":6,"minecraft:clay":4,"minecraft:grass_block":3,"minecraft:oak_log":1,"minecraft:mycelium":1,"minecraft:warped_stem":1,"minecraft:dirt":10,"minecraft:moss_block":3,"minecraft:oak_leaves":2,"minecraft:rooted_dirt":6,"minecraft:crimson_stem":3},"minecraft:crafted":{"minecraft:warped_planks":4,"minecraft:crimson_planks":12,"minecraft:wooden_shovel":1,"minecraft:crafting_table":1,"minecraft:stick":4,"minecraft:crimson_slab":6,"minecraft:wooden_axe":1,"minecraft:clay":2},"minecraft:custom":{"minecraft:time_since_rest":3989,"minecraft:sprint_one_cm":54,"minecraft:damage_taken":250,"minecraft:walk_one_cm":3038,"minecraft:interact_with_crafting_table":3,"minecraft:crouch_one_cm":5402,"minecraft:play_time":5085,"minecraft:deaths":1,"minecraft:sneak_time":1653,"minecraft:jump":1,"minecraft:leave_game":2,"minecraft:time_since_death":3953,"minecraft:total_world_time":5085}},"DataVersion":3120}